Increases_Max_HP_by_{;1;.15;add;_;_;txt;+{_HP;0
Increases_Max_MP_by_{;1;.1;add;_;_;txt;+{_MP;0
Boosts_EXP_gain_by_{%|(Only_affects_exp_gained|from_defeating_monsters);1;0;add;_;_;_;+{%_Exp;0
All_Regular_Monsters_drop|{%_more_money|;1.8;.2;add;_;_;_;+{%_Money;0
Boosts_Rare_Drop_Chance|by_{%;2;0;add;0;0;_;+{%_Rare_Drop_Chance;0
Increases_Base_Weapon_Power_by_{._This_contributes_to_your_total_damage.;0.25;0;add;_;_;_;+{_Base_Weapon_Power;0
Boosts_Damage_dealt|to_all_monsters_by_{%;1;0;add;_;_;_;+{%_Damage;0
Increases_Crit_Damage|by_{%;1;0;add;_;_;_;+{%_Crit_Dmg;0
Gives_{_Star_Talent_Points._Star_Talents_are_found_throughout_the_game!;1;0;add;_;_;txt;+1_Star_Talent_Point;0
Increases_Total_Defense_by_+{%;40;60;decay;_;_;_;+{%_Total_DEF;0
Increases_your_Base_STR_by_{_(STR_boosts_Max_HP_and_Crit_Damage);1;0;add;_;_;txt;+{_STR;0
Increases_your_Base_AGI_by_{_(AGI_boosts_Movement_Speed_and_Crit_Chance);1;0;add;_;_;txt;+{_AGI;0
Increases_your_Base_WIS_by_{_(WIS_boosts_Mana_and_Boss_Damage);1;0;add;_;_;txt;+{_WIS;0
Increases_your_Base_LUK_by_{_(LUK_boosts_drop_rate,_EXP_Gain,_and_other_RNG);1;0;add;_;_;txt;+{_LUK;0
_;_;_;txt;_;_;txt;_;0
Whip_forward,_dealing_{%_dmg_and_pulling_in_up_to_}_monsters.;30;1;bigBase;3;30;intervalAdd;+{%_Dmg_&_+}_Mobs;1
Multiplies_value_of_all_coins_on_ground_by_{x.;0.6;100;decayMulti;_;_;txt;+{x_Multi;1
Gives_{_Star_Talent_Points.;1;0;add;_;_;txt;+1_Star_Talent_Point;0
Regular_punches_do_+{%_more_damage_and_also_hit_a_2nd_time_for_}%_damage;0.6;0;add;25;3;intervalAdd;+{%_Dmg_&_+}%_2nd_Dmg;0
Monsters_have_a_{%_chance_to_drop_2x_loot_for_}_Minutes;80;60;decay;3;20;intervalAdd;+{%_Chance_&_+}_Minutes;1
LUK's_effect_on_Damage_is_increased_by_{%;0.4;0;add;_;_;txt;+{%_Effect;0
All_Equipment_gives_{%_more_LUK_than_what's_listed;100;250;decay;_;_;txt;+{%_more_LUK_from_equips;0
Straight_up_cash,_yo._+{%_more_to_be_exact.;50;100;decay;_;_;txt;+{%_Mo_Money;0
+{_base_LUK;1;0;add;_;_;txt;+{_LUK;0
+{%_Drop_rate,_and_-}%_Total_Damage._Cmon,_do_it!_Or_are_u_too_scared?;70;100;decay;120;100;decay;+{%_Drop_&_-}%_Dmg;0
Drops_some_random_reward._Has_a_{%_chance_to_have_no_cooldown!;35;50;decay;_;_;txt;+{%_chance;1
+{%_Crystal_Mob_spawn_chance;300;100;decay;_;_;txt;+{%_Spawn_Chance;0
{%_Chance_to_get_a_reroll_on_AFK_rewards._Can_trigger_multiple_times!;36;60;decay;_;_;txt;+{%_Chance;0
+{%_Card_Drop_Chance._As_with_all_card_drop_bonuses,_this_affects_AFK_too.;50;100;decay;_;_;txt;+{%_Card_Drop_Chance;0
Items_in_all_Rare_Drop_Tables_are_{%_more_likely_to_drop!;30;80;decay;_;_;txt;+{%_Rare_Drop_Table_Items;0
Throws_a_coin_which_deals_{%_Dmg._Damage_also_increases_the_more_money_you_have;100;1;bigBase;_;_;txt;+{%_Dmg;1
_;_;_;txt;_;_;txt;_;0
_;_;_;txt;_;_;txt;_;0
_;_;_;txt;_;_;txt;_;0
_;_;_;txt;_;_;txt;_;0
_;_;_;txt;_;_;txt;_;0
_;_;_;txt;_;_;txt;_;0
_;_;_;txt;_;_;txt;_;0
_;_;_;txt;_;_;txt;_;0
_;_;_;txt;_;_;txt;_;0
_;_;_;txt;_;_;txt;_;0
_;_;_;txt;_;_;txt;_;0
_;_;_;txt;_;_;txt;_;0
_;_;_;txt;_;_;txt;_;0
_;_;_;txt;_;_;txt;_;0
_;_;_;txt;_;_;txt;_;0
_;_;_;txt;_;_;txt;_;0
_;_;_;txt;_;_;txt;_;0
_;_;_;txt;_;_;txt;_;0
_;_;_;txt;_;_;txt;_;0
_;_;_;txt;_;_;txt;_;0
_;_;_;txt;_;_;txt;_;0
_;_;_;txt;_;_;txt;_;0
_;_;_;txt;_;_;txt;_;0
_;_;_;txt;_;_;txt;_;0
_;_;_;txt;_;_;txt;_;0
_;_;_;txt;_;_;txt;_;0
_;_;_;txt;_;_;txt;_;0
_;_;_;txt;_;_;txt;_;0
_;_;_;txt;_;_;txt;_;0
_;_;_;txt;_;_;txt;_;0
_;_;_;txt;_;_;txt;_;0
_;_;_;txt;_;_;txt;_;0
_;_;_;txt;_;_;txt;_;0
_;_;_;txt;_;_;txt;_;0
_;_;_;txt;_;_;txt;_;0
_;_;_;txt;_;_;txt;_;0
_;_;_;txt;_;_;txt;_;0
_;_;_;txt;_;_;txt;_;0
_;_;_;txt;_;_;txt;_;0
_;_;_;txt;_;_;txt;_;0
_;_;_;txt;_;_;txt;_;0
_;_;_;txt;_;_;txt;_;0
_;_;_;txt;_;_;txt;_;0
_;_;_;txt;_;_;txt;_;0
Increases_Exp_Gain_for_all_Skills_by_{%;1;0;add;_;_;txt;+{%_Exp_Gain;0
Increases_Critical_Hit_Damage_by_{%;30;50;decay;_;_;txt;+{%_Critical_Damage;0
Increases_Movement_Speed_by_{%;20;50;decay;_;_;txt;+{%_Move_Speed;0
Carry_Capacity_for_materials_is_increased_by_{%;200;100;decay;_;_;txt;+{%_Mat_Carry_Cap;0
AFK_Gains_Rate_for_Fighting_is_increased_by_{%;21;50;decay;_;_;txt;+{%_AFK_Gains_Rate;0
Increases_base_Accuracy|when_attacking_all_monsters|by_{;1;0;add;_;_;_;+{_Accuracy;0
+{_Max_Talent_Level_for_'Fist_of_Rage';1;0;add;_;_;txt;+{_Max_Lv;0
_;_;_;txt;_;_;txt;_;0
_;_;_;txt;_;_;txt;_;0
_;_;_;txt;_;_;txt;_;0
Increases_the_total_efficiency_of_all_specialized_skills_by_{%;1;.02;add;_;_;txt;+{%_Efficiency;0
Damage_dealt_is_increased_by_{%_for_every_power_of_10_Max_HP_you_have;100;80;decay;_;_;txt;+{%_Damage;0
Increases_Critical_Hit_Damage_by_{%;52;50;decay;_;_;txt;+{%_Critical_Damage;0
AFK_Gains_Rate_for_Fighting_is_increased_by_{%;20;50;decay;_;_;txt;+{%_AFK_Gains_Rate;0
AFK_Gains_Rate_for_all_Specialized_Skills_is_increased_by_{%;20;40;decay;_;_;txt;+{%_AFK_Gains_Rate;0
Slash_forward_dealing_{%|damage_to_up_to|3_monsters;130;3;bigBase;_;_;txt;+{%_Damage;1
Swing_your_weapon_around_you|dealing_{%_damage_to_up_to|}_monsters;60;1.5;bigBase;4;24;intervalAdd;+{%_Damage_&_+}_Mobs_Hit;1
Increase_max_HP_by_{%;.5;.02;add;_;_;txt;+{%_HP;0
Basic_Attacks_with_Warrior_Weapons_have_a_{%_chance_to_hit_twice;110;50;decay;_;_;txt;{%_Double_Hit_Chance;0
Temporarily_boosts_base_STR_by_{_for_}_minutes;15;1;bigBase;2;4;intervalAdd;+{_STR_&_+}_Mins;1
STR's_effect_on_both_Damage_and_HP_is_increased_by_{%;0.75;0;add;_;_;txt;+{%_Effect;0
All_Equipment_gives_{%_more_STR_than_what's_listed;200;250;decay;_;_;txt;+{%_more_STR_from_equips;0
The_effect_Weapon_Power_has_on_Damage_Dealt_is_increased_by_{%;1;0;add;_;_;txt;+{%_Weapon_Power_Effect;0
+{_base_STR;1;0;add;_;_;txt;+{_STR;0
Golden_Food_bonuses_are_increased_by_{%;55;80;decay;_;_;txt;+{%_Bonus;0
Swings_forward_and_mines_the_rock_with_+{%_bonus_Mining_Efficiency;150;15;bigBase;_;_;txt;+{%_Efficiency;1
Mining_Efficiency_is_increased_by_+{%_for_every_power_of_10_Copper_Ore_in_Storage_Chest.;20;70;decay;_;_;txt;+{%_efficiency;0
+{%_base_multi-ore_drop_chance._This_can_trigger_up_to_4_times_in_a_row_per_swing.;20;50;decay;_;_;txt;+{%_Multi-Ore_Base_Chance;0
Pickaxes_give_+{%_more_Mining_Power_than_whats_listed_for_every_10_Mining_Lv_you_have;16;40;decay;_;_;txt;+{%_POW_per_10_Mining_Lv;0
Increases_Exp_Gain_for_all_Specialized_Skills_by_{%;1;0;add;_;_;txt;+{%_Exp_Gain;0
A_big_ol'_bear_claw_swipes_up_to_{_monsters_in_front_of_you,_dealing_}%_damage;3;30;intervalAdd;108;2;bigBase;+{_mobs_&_+}%_dmg;1
Throws_axe_in_a_downward_arc,_which_deals_{%_dmg_to_up_to_}_monsters.;200;3;bigBase;2;50;intervalAdd;+{%_dmg_&_+}_mobs;1
Every_0.5_sec,_monsters_move_toward_you_and_heal_for_{%_HP.;1;0;add;1;0;add;+1%_Monster_heal,_+1%_EXP;1
Reduces_max_HP_by_{%,_increases_damage_by_}%._Also,_you_take_double_damage.;100;30;decay;100;50;decay;-{%_HP_&_+}%_damage;1
There_is_a_{%_chance_for_a_monster_kill_to_be_counted_for_double_for_opening_new_portals.;100;50;decay;_;_;txt;+{%_double_count_chance;0
+{%_Dmg_for_every_monster_you_kill_over_100,000_times._Counts_}_monster_types;2;25;intervalAdd;1;0;add;+{%_Dmg_&_+1_mob_type;0
Obols_give_+{%_more_STR_than_what's_listed;60;50;decay;_;_;txt;+{%_more_STR_from_Obols;0
'Might',_'Mining',_and_'Oceanman'_statues_give_{%_higher_bonuses;100;50;decay;_;_;txt;+{%_higher_bonuses;0
+}%_Damage._-}%_Mastery._Mastery_is_how_big_your_min_damage_is_compared_to_max.;50;50;decay;20;50;decay;+{%_Dmg_&_-}%_Mastery;0
Each_Lv_of_'Warriors_Only'_Bubble_raises_max_Lv_of_'CritiKill'_Talent,_up_to_+{;1;0;add;_;_;txt;+{_Max_LV_for_Critikill_Talent;0
{%_chance_to_wake_the_sleeper_agent_worm_within_the_fish,_letting_you_instantly_catch;9.3;.7;bigBase;_;_;txt;+1%_Chance;1
+{%_Minigame_reward,_and_+1_Fishing_Power_per_pt_of_your_Highscore,_up_to_+};12;3;bigBase;5;3;intervalAdd;+{%_reward_&_+}_Cap;0
+{%_Fishing_EXP,_since_like,_fish_is_brain_food_and_so_it_makes_sense_that..._eh_forget_it.;1.5;0;add;_;_;txt;+1.5%_Fishing_EXP;0
+{%_Away_Gains_for_Fishing_only._Just_fishing._It_totally_doesn't_boost_anything_else!;20;60;decay;_;_;txt;+{%_Fishing_Away_Gains;0
+{_Talent_Points_for_the_'Warrior'_talent_tab,_and_+10_dmg_to_these_Talents'_feelings!;1;0;add;_;_;txt;+1_Talent_Pt;0
Slash_forward,_causing_a_shockwave_which_deals_{%_dmg_to_up_to_}_enemies;175;2;bigBase;3;30;intervalAdd;+{%_DMG_&_+}_Mobs_hit;1
Throw_a_dagger_which_comes_right_back_to_you,_dealing_{%_Dmg_to_up_to_}_mobs;200;1.5;bigBase;4;30;intervalAdd;+{%_DMG_&_+}_Mobs_hit;1
Block_{%_of_all_damage._Also,_passively_gives_+}_base_DEF_at_all_times,_even_when_not_in_use!;20;0.4;bigBase;1;3;intervalAdd;+{%_Block,_+}_Base_DEF;1
+{%_Mastery._This_affects_how_big_your_minimum_damage_is_compared_to_max_damage!;18;50;decay;_;_;txt;+{%_Mastery;0
Boosts_Accuracy_and_DEF_by_+{%,_but_lowers_damage_by_-}%;25;50;decay;39;40;decay;+{%_Acc/DEF,_-}%_Dmg;1
+{%_Damage_if_your_accuracy_is_1.5x_higher_than_needed_for_100%_hit_chance;100;80;decay;_;_;txt;+{%_Dmg_if_ACC_big;0
_;_;_;txt;_;_;txt;_;0
'Might',_'Mining',_and_'Defence'_statues_give_{%_higher_bonuses;100;50;decay;_;_;txt;+{%_higher_bonuses;0
_;_;_;txt;_;_;txt;_;0
Each_Lv_of_'Warriors_Only'_Bubble_raises_max_Lv_of_'Meat_Shank'_Talent,_up_to_+{;1;0;add;_;_;txt;+{_Max_LV_for_Meat_Shank;0
Automatically_trigger_{_Refinery_Cycles._Still_costs_materials,_though.;3;8;intervalAdd;_;_;txt;+1_Cycle_Every_8_Lvs;1
+{%_Build_Speed_per_power_of_10_Redox_Salts_in_your_Storage_Chest;40;70;decay;_;_;txt;+{%_Build_Spd;0
+{%_Construction_EXP_gain._More_like_Cogstruction_am_I_right_fellas?;1;0;add;_;_;txt;+{%_Construction_EXP;0
+{%_Sample_Size_when_talking_Samples_for_the_3d_printer.;9;75;decay;_;_;txt;+{%_Sample_Size;0
_;_;_;txt;_;_;txt;_;0
_;_;_;txt;_;_;txt;_;0
_;_;_;txt;_;_;txt;_;0
_;_;_;txt;_;_;txt;_;0
_;_;_;txt;_;_;txt;_;0
_;_;_;txt;_;_;txt;_;0
_;_;_;txt;_;_;txt;_;0
_;_;_;txt;_;_;txt;_;0
_;_;_;txt;_;_;txt;_;0
_;_;_;txt;_;_;txt;_;0
_;_;_;txt;_;_;txt;_;0
_;_;_;txt;_;_;txt;_;0
_;_;_;txt;_;_;txt;_;0
_;_;_;txt;_;_;txt;_;0
_;_;_;txt;_;_;txt;_;0
_;_;_;txt;_;_;txt;_;0
_;_;_;txt;_;_;txt;_;0
_;_;_;txt;_;_;txt;_;0
_;_;_;txt;_;_;txt;_;0
_;_;_;txt;_;_;txt;_;0
_;_;_;txt;_;_;txt;_;0
_;_;_;txt;_;_;txt;_;0
_;_;_;txt;_;_;txt;_;0
_;_;_;txt;_;_;txt;_;0
_;_;_;txt;_;_;txt;_;0
_;_;_;txt;_;_;txt;_;0
_;_;_;txt;_;_;txt;_;0
_;_;_;txt;_;_;txt;_;0
_;_;_;txt;_;_;txt;_;0
_;_;_;txt;_;_;txt;_;0
_;_;_;txt;_;_;txt;_;0
_;_;_;txt;_;_;txt;_;0
_;_;_;txt;_;_;txt;_;0
_;_;_;txt;_;_;txt;_;0
_;_;_;txt;_;_;txt;_;0
_;_;_;txt;_;_;txt;_;0
_;_;_;txt;_;_;txt;_;0
_;_;_;txt;_;_;txt;_;0
_;_;_;txt;_;_;txt;_;0
_;_;_;txt;_;_;txt;_;0
_;_;_;txt;_;_;txt;_;0
_;_;_;txt;_;_;txt;_;0
_;_;_;txt;_;_;txt;_;0
_;_;_;txt;_;_;txt;_;0
_;_;_;txt;_;_;txt;_;0
_;_;_;txt;_;_;txt;_;0
_;_;_;txt;_;_;txt;_;0
_;_;_;txt;_;_;txt;_;0
_;_;_;txt;_;_;txt;_;0
_;_;_;txt;_;_;txt;_;0
_;_;_;txt;_;_;txt;_;0
_;_;_;txt;_;_;txt;_;0
_;_;_;txt;_;_;txt;_;0
_;_;_;txt;_;_;txt;_;0
_;_;_;txt;_;_;txt;_;0
_;_;_;txt;_;_;txt;_;0
_;_;_;txt;_;_;txt;_;0
_;_;_;txt;_;_;txt;_;0
_;_;_;txt;_;_;txt;_;0
_;_;_;txt;_;_;txt;_;0
_;_;_;txt;_;_;txt;_;0
_;_;_;txt;_;_;txt;_;0
_;_;_;txt;_;_;txt;_;0
_;_;_;txt;_;_;txt;_;0
_;_;_;txt;_;_;txt;_;0
_;_;_;txt;_;_;txt;_;0
_;_;_;txt;_;_;txt;_;0
_;_;_;txt;_;_;txt;_;0
_;_;_;txt;_;_;txt;_;0
_;_;_;txt;_;_;txt;_;0
_;_;_;txt;_;_;txt;_;0
_;_;_;txt;_;_;txt;_;0
_;_;_;txt;_;_;txt;_;0
_;_;_;txt;_;_;txt;_;0
_;_;_;txt;_;_;txt;_;0
_;_;_;txt;_;_;txt;_;0
_;_;_;txt;_;_;txt;_;0
_;_;_;txt;_;_;txt;_;0
_;_;_;txt;_;_;txt;_;0
_;_;_;txt;_;_;txt;_;0
_;_;_;txt;_;_;txt;_;0
_;_;_;txt;_;_;txt;_;0
_;_;_;txt;_;_;txt;_;0
_;_;_;txt;_;_;txt;_;0
_;_;_;txt;_;_;txt;_;0
_;_;_;txt;_;_;txt;_;0
_;_;_;txt;_;_;txt;_;0
_;_;_;txt;_;_;txt;_;0
_;_;_;txt;_;_;txt;_;0
_;_;_;txt;_;_;txt;_;0
_;_;_;txt;_;_;txt;_;0
_;_;_;txt;_;_;txt;_;0
_;_;_;txt;_;_;txt;_;0
_;_;_;txt;_;_;txt;_;0
_;_;_;txt;_;_;txt;_;0
_;_;_;txt;_;_;txt;_;0
_;_;_;txt;_;_;txt;_;0
_;_;_;txt;_;_;txt;_;0
_;_;_;txt;_;_;txt;_;0
_;_;_;txt;_;_;txt;_;0
_;_;_;txt;_;_;txt;_;0
_;_;_;txt;_;_;txt;_;0
_;_;_;txt;_;_;txt;_;0
_;_;_;txt;_;_;txt;_;0
_;_;_;txt;_;_;txt;_;0
_;_;_;txt;_;_;txt;_;0
_;_;_;txt;_;_;txt;_;0
_;_;_;txt;_;_;txt;_;0
_;_;_;txt;_;_;txt;_;0
_;_;_;txt;_;_;txt;_;0
_;_;_;txt;_;_;txt;_;0
_;_;_;txt;_;_;txt;_;0
_;_;_;txt;_;_;txt;_;0
_;_;_;txt;_;_;txt;_;0
_;_;_;txt;_;_;txt;_;0
_;_;_;txt;_;_;txt;_;0
_;_;_;txt;_;_;txt;_;0
_;_;_;txt;_;_;txt;_;0
_;_;_;txt;_;_;txt;_;0
_;_;_;txt;_;_;txt;_;0
_;_;_;txt;_;_;txt;_;0
_;_;_;txt;_;_;txt;_;0
_;_;_;txt;_;_;txt;_;0
_;_;_;txt;_;_;txt;_;0
_;_;_;txt;_;_;txt;_;0
_;_;_;txt;_;_;txt;_;0
_;_;_;txt;_;_;txt;_;0
_;_;_;txt;_;_;txt;_;0
_;_;_;txt;_;_;txt;_;0
Increases_the_total_efficiency_of_all_specialized_skills_by_{%;1;.02;add;_;_;txt;+{%_Efficiency;0
_;_;_;txt;_;_;txt;_;0
EXP_Gain_for_all_Specialized_Skills_is_increased_by_{%;1;0;add;_;_;txt;+{%_EXP_gain_in_Spec_Skills;0
Increases_Movement_Speed_by_{%_so_you_can_outrun_those_slowpoke_Warriors_and_Mages;25;40;decay;_;_;txt;+{%_Move_Speed;0
Increases_Critical_Hit_Chance_by_{%;27;50;decay;_;_;txt;+{%_Crit_Chance;0
AFK_Gains_Rate_for_Fighting_is_increased_by_{%;20;50;decay;_;_;txt;+{%_AFK_Gains_Rate;0
Production_Speed_in_all_Town_Skills_is_increased_by_{%;100;75;decay;_;_;txt;+{%_Production_Speed;0
Shoots_an_arrow_that_deals_{%_damage_to_up_to_}_monsters;110;2;bigBase;2;40;intervalAdd;+{%_Damage_&_+}_Mobs_Hit;1
Pushes_back_nearby_monsters_by_{_pixels_while_dealing_}%_damage;25;1;bigBase;60;2;bigBase;+{_pixels_&_+}%_DMG;1
Increase_max_HP_and_max_MP_by_{%;.4;.01;add;_;_;txt;+{%_HP_and_MP;0
Temporarily_boosts_Movement_Speed_by_{%_for_}_minutes;5;.3;bigBase;2;15;intervalAdd;+{%_Speed_%_+}_Mins;1
Basic_Attacks_have_a_{%_chance_to_fire_1_additional_arrow;120;40;decay;_;_;txt;+{%_Chance;0
Gives_{_extra_Talent_Point_in_the_'Calm_Basics'_Talent_Tab;1;0;add;_;_;txt;+{_more_Pts_per_}_AGI;0
All_Equipment_gives_{%_more_AGI_than_what's_listed;1.5;0;add;_;_;txt;+{%_more_AGI_from_equips;0
The_effect_Weapon_Power_has_on_Damage_Dealt_is_increased_by_{%;1;0;add;_;_;txt;+{%_Weapon_Power_Effect;0
+{_base_AGI;1;0;add;_;_;txt;+{_AGI;0
Monster_drop_rarity_increased_by_{%;40;65;decay;_;_;txt;+{%_rarity;0
Every_kill_has_a_{%_chance_to_give_}_seconds_of_instant_forge_progress;50;80;decay;1;60;intervalAdd;+{%_for_}_forge_secs;0
Get_1_Anvil_Production_Point,_and_also_gain_+{_extra_pts_every_10_Smithing_Lvs;1;15;intervalAdd;_;_;txt;+{_extra_pts;0
Start_with_{%_exp_per_250_AGI_when_you_lv_up_any_Specialized_Skill._Caps_at_}%.;5;90;decay;5;10;intervalAdd;+{%_Exp,_and_+}%_Cap;0
{%_chance_to_apply_a_special_bonus_to_any_equip_crafted_at_the_anvil._;50;75;decay;_;_;txt;+{%_Chance;0
Increases_Damage_Dealt_by_{%_every_10_Smithing_Levels;50;60;decay;_;_;txt;+{%_Damage;0
Fires_{_arrows_into_the_air,_which_seek_out_nearby_monsters_and_deal_}%_damage;2;15;intervalAdd;27;3;bigBase;+{_arrow_&_+}%_damage;1
Magic_shortbows_fire_at_your_target,_and_up_to_{_nearby_monsters,_for_}%_damage;2;20;intervalAdd;47;3;bigBase;+{_monsters_&_+}%_dmg;1
Basic_attacks_have_a_{%_chance_to_spawn_a_Magic_Shortbow.;40;50;decay;_;_;txt;+{%_trigger_chance;0
Attack_range_is_increased_by_+{_Pixels,_and_+}%_accuracy,_for_a_few_minutes;19.5;.5;bigBase;40;60;decay;+{px_Range_&_+}_mins;1
All_attack_talent_cooldowns_are_{%_lower._No,_not_regular_attacks_lol;30;40;decay;_;_;txt;+{%_lower_cooldowns;0
+{%_Damage_for_every_15%_movement_spd_you_have_above_100%;60;77;decay;_;_;txt;+{%_damage;0
Obols_give_+{%_more_AGI_than_what_is_listed;135;80;decay;_;_;txt;+{%_more_AGI;0
'Speed',_'Anvil',_and_'Ol_Reliable'_statues_give_+{%_more_bonus;100;50;decay;_;_;txt;+{%_higher_bonuses;0
+{_Max_Talent_Level_for_'Quickness_Boots';1;0;add;_;_;txt;+{_Max_Lv;0
Each_Lv_of_'Archer_or_Bust'_Bubble_raises_max_Lv_of_'Featherweight',_up_to_+{;1;0;add;_;_;txt;+{_Max_LV_cap;0
+{%_Catching_Efficiency_for_every_power_of_10_Oak_Logs_in_the_storage_chest;20;70;decay;_;_;txt;+{%_Efficiency;0
AGI_has_a_+{%_larger_effect_on_Catching_Efficiency_than_normal;0.5;0;add;_;_;txt;+{%_effect;0
+{%_Catching_EXP._You're_one_step_closer_to_figuring_out_how_butter_can_fly!;1.5;0;add;_;_;txt;+{%_Catching_EXP;0
+{%_Away_Gain_for_Catching_Hint:Useful_for_when_you_idle_on_catching!;20;60;decay;_;_;txt;+{%_Away_Gains;0
+{_Talent_Points_for_the_'Archer'_talent_tab._But,what's_wrong_with_these_talents?;1;0;add;_;_;txt;+1_Talent_Pt;0
Deal_{%_DMG_split_between_all_hit_monsters._The_more_mobs_hit,_the_less_dmg_done;225;3;bigBase;_;_;txt;+{%_damage;1
Lay_down_{_bear_traps_that_deal_}%_dmg_when_a_monster_triggers_it;2;30;intervalAdd;150;2;bigBase;+{_Traps_&_+}%_Dmg;1
When_mobs_die,_their_respawn_time_is_{_seconds_faster!;55;60;decay;_;_;txt;+{_seconds_faster;1
Immobilizes_monsters_within_a_{_pixel_radius_of_you_for_}_seconds.;150;1.5;bigBase;4;20;intervalAdd;+{_pixels_&_+}_sec;1
Basic_Attacks_have_a_{%_chance_to_fire_1_more_arrow._Stacks_with_'Have_Another!';120;40;decay;_;_;txt;+{%_Chance;0
+{%_Damage_for_every_50_items_you've_ever_found_on_any_of_your_players.;36;100;decay;_;_;txt;+{%_damage;0
_;_;_;txt;_;_;txt;_;0
'Speed',_'Anvil',_and_'Bullseye'_statues_give_+{%_more_bonus;100;50;decay;_;_;txt;+{%_higher_bonuses;0
_;_;_;txt;_;_;txt;_;0
Each_Lv_of_'Archer_or_Bust'_Bubble_raises_max_Lv_of_'I_See_You',_up_to_+{;1;0;add;_;_;txt;+{_Max_LV_for_ICU;0
Collect_&_set_all_traps,_but_only_get_{%_critters._}%_Exp_is_given_to_each_player.;100;100;decay;80;100;decay;+{%_Critters_&_+}%_XP;1
+{%_Trapping_Efficiency_per_power_of_10_Froge_Critters_in_Storage;30;80;decay;_;_;txt;+{%_Trap_Efficiency;0
+{%_Trapping_Exp_Gain._Doesn't_affect_EXP_given_to_other_players_when_in_Eagle_Eye.;1;0;add;_;_;txt;+{%_Trapping_EXP;0
{x_Shiny_Critter_chance._Triggers_again_every_10_Trapping_LVs;2;100;decayMulti;_;_;txt;+{x_Shiny_Chance;0
_;_;_;txt;_;_;txt;_;0
Ballista_bitch;400;25;bigBase;_;_;txt;_;1
_;_;_;txt;_;_;txt;_;0
_;_;_;txt;_;_;txt;_;0
_;_;_;txt;_;_;txt;_;0
_;_;_;txt;_;_;txt;_;0
_;_;_;txt;_;_;txt;_;0
_;_;_;txt;_;_;txt;_;0
_;_;_;txt;_;_;txt;_;0
_;_;_;txt;_;_;txt;_;0
_;_;_;txt;_;_;txt;_;0
_;_;_;txt;_;_;txt;_;0
_;_;_;txt;_;_;txt;_;0
_;_;_;txt;_;_;txt;_;0
_;_;_;txt;_;_;txt;_;0
_;_;_;txt;_;_;txt;_;0
_;_;_;txt;_;_;txt;_;0
_;_;_;txt;_;_;txt;_;0
_;_;_;txt;_;_;txt;_;0
_;_;_;txt;_;_;txt;_;0
_;_;_;txt;_;_;txt;_;0
_;_;_;txt;_;_;txt;_;0
_;_;_;txt;_;_;txt;_;0
_;_;_;txt;_;_;txt;_;0
_;_;_;txt;_;_;txt;_;0
_;_;_;txt;_;_;txt;_;0
_;_;_;txt;_;_;txt;_;0
_;_;_;txt;_;_;txt;_;0
_;_;_;txt;_;_;txt;_;0
_;_;_;txt;_;_;txt;_;0
_;_;_;txt;_;_;txt;_;0
_;_;_;txt;_;_;txt;_;0
_;_;_;txt;_;_;txt;_;0
_;_;_;txt;_;_;txt;_;0
_;_;_;txt;_;_;txt;_;0
_;_;_;txt;_;_;txt;_;0
_;_;_;txt;_;_;txt;_;0
_;_;_;txt;_;_;txt;_;0
_;_;_;txt;_;_;txt;_;0
_;_;_;txt;_;_;txt;_;0
_;_;_;txt;_;_;txt;_;0
_;_;_;txt;_;_;txt;_;0
_;_;_;txt;_;_;txt;_;0
_;_;_;txt;_;_;txt;_;0
_;_;_;txt;_;_;txt;_;0
_;_;_;txt;_;_;txt;_;0
_;_;_;txt;_;_;txt;_;0
_;_;_;txt;_;_;txt;_;0
_;_;_;txt;_;_;txt;_;0
_;_;_;txt;_;_;txt;_;0
_;_;_;txt;_;_;txt;_;0
_;_;_;txt;_;_;txt;_;0
_;_;_;txt;_;_;txt;_;0
_;_;_;txt;_;_;txt;_;0
_;_;_;txt;_;_;txt;_;0
_;_;_;txt;_;_;txt;_;0
_;_;_;txt;_;_;txt;_;0
_;_;_;txt;_;_;txt;_;0
_;_;_;txt;_;_;txt;_;0
_;_;_;txt;_;_;txt;_;0
_;_;_;txt;_;_;txt;_;0
_;_;_;txt;_;_;txt;_;0
_;_;_;txt;_;_;txt;_;0
_;_;_;txt;_;_;txt;_;0
_;_;_;txt;_;_;txt;_;0
_;_;_;txt;_;_;txt;_;0
_;_;_;txt;_;_;txt;_;0
_;_;_;txt;_;_;txt;_;0
_;_;_;txt;_;_;txt;_;0
_;_;_;txt;_;_;txt;_;0
_;_;_;txt;_;_;txt;_;0
_;_;_;txt;_;_;txt;_;0
_;_;_;txt;_;_;txt;_;0
_;_;_;txt;_;_;txt;_;0
_;_;_;txt;_;_;txt;_;0
_;_;_;txt;_;_;txt;_;0
_;_;_;txt;_;_;txt;_;0
_;_;_;txt;_;_;txt;_;0
_;_;_;txt;_;_;txt;_;0
_;_;_;txt;_;_;txt;_;0
_;_;_;txt;_;_;txt;_;0
_;_;_;txt;_;_;txt;_;0
_;_;_;txt;_;_;txt;_;0
_;_;_;txt;_;_;txt;_;0
_;_;_;txt;_;_;txt;_;0
_;_;_;txt;_;_;txt;_;0
_;_;_;txt;_;_;txt;_;0
_;_;_;txt;_;_;txt;_;0
_;_;_;txt;_;_;txt;_;0
_;_;_;txt;_;_;txt;_;0
_;_;_;txt;_;_;txt;_;0
_;_;_;txt;_;_;txt;_;0
_;_;_;txt;_;_;txt;_;0
_;_;_;txt;_;_;txt;_;0
_;_;_;txt;_;_;txt;_;0
_;_;_;txt;_;_;txt;_;0
_;_;_;txt;_;_;txt;_;0
_;_;_;txt;_;_;txt;_;0
_;_;_;txt;_;_;txt;_;0
_;_;_;txt;_;_;txt;_;0
_;_;_;txt;_;_;txt;_;0
_;_;_;txt;_;_;txt;_;0
_;_;_;txt;_;_;txt;_;0
_;_;_;txt;_;_;txt;_;0
_;_;_;txt;_;_;txt;_;0
_;_;_;txt;_;_;txt;_;0
_;_;_;txt;_;_;txt;_;0
_;_;_;txt;_;_;txt;_;0
_;_;_;txt;_;_;txt;_;0
_;_;_;txt;_;_;txt;_;0
_;_;_;txt;_;_;txt;_;0
_;_;_;txt;_;_;txt;_;0
_;_;_;txt;_;_;txt;_;0
_;_;_;txt;_;_;txt;_;0
_;_;_;txt;_;_;txt;_;0
_;_;_;txt;_;_;txt;_;0
_;_;_;txt;_;_;txt;_;0
_;_;_;txt;_;_;txt;_;0
_;_;_;txt;_;_;txt;_;0
_;_;_;txt;_;_;txt;_;0
_;_;_;txt;_;_;txt;_;0
_;_;_;txt;_;_;txt;_;0
_;_;_;txt;_;_;txt;_;0
_;_;_;txt;_;_;txt;_;0
_;_;_;txt;_;_;txt;_;0
_;_;_;txt;_;_;txt;_;0
_;_;_;txt;_;_;txt;_;0
_;_;_;txt;_;_;txt;_;0
_;_;_;txt;_;_;txt;_;0
_;_;_;txt;_;_;txt;_;0
_;_;_;txt;_;_;txt;_;0
Increases_the_total_efficiency_of_all_specialized_skills_by_{%;1;.02;add;_;_;txt;+{%_Efficiency;0
Damage_dealt_is_increased_by_{%_for_every_power_of_10_Max_MP_you_have;150;80;decay;_;_;txt;+{%_Damage;0
Increases_Crit_Chance_by_{%_and_Crit_Dmg_by_}%;17;45;decay;33;45;decay;+{%_Chance,_+}%_DMG;0
AFK_Gains_Rate_for_Fighting_is_increased_by_{%;20;50;decay;_;_;txt;+{%_AFK_Gains_Rate;0
AFK_Gains_Rate_for_all_Specialized_Skills_is_increased_by_{%;20;40;decay;_;_;txt;+{%_AFK_Gains_Rate;0
Your_next_basic_attack_strikes_the_Targeted_Enemy_for_{%_Damage;160;2;bigBase;_;_;txt;+{%_Damage;1
Shoots_a_fireball_that_explodes_on_impact,_dealing_{%_damage;120;1;bigBase;_;_;txt;+{%_Damage;1
Increase_max_MP_by_{%;.5;.02;add;_;_;txt;+{%_MP;0
Move_forward_instantly_by_a_distance_of_{_Pixels;25;1;bigBase;_;_;txt;+1_Pixel_Moved;1
Basic_attacks_have_a_{%_chance_to_Mark_enemies,_who_then_take_}%_more_damage;110;70;decay;25;.5;bigBase;+{%_chance_&_+}%_dmg;0
The_effect_your_WIS_stat_has_on_Damage_is_increased_by_{%;1.5;0;add;_;_;txt;+{%_Effect;0
All_Equipment_gives_{%_more_WIS_than_what's_listed;1.5;0;add;_;_;txt;+{%_more_WIS_from_equips;0
The_effect_Weapon_Power_has_on_Damage_Dealt_is_increased_by_{%;1.2;0;add;_;_;txt;+{%_Weapon_Power_Effect;0
{%_Chance_for_food_to_not_be_consumed_when_it_otherwise_would_be;53;40;decay;_;_;txt;+{%_Non-Consume_Chance;0
+{_base_WIS;1;0;add;_;_;txt;+{_WIS;0
For_{_Minutes,_trees_drop_}%_more_Logs_than_normal;2;10;intervalAdd;14;1.86;bigBase;+{_Mins_&_+}%_more_Logs;1
{%_Choppin_Efficiency_per_power_of_10_Leaves_in_your_Storage_Chest.;25;70;decay;_;_;txt;+{%_efficiency;0
The_effect_your_WIS_stat_has_on_Choppin_Efficiency_is_increased_by_{%;0.75;0;add;_;_;txt;+{%_Effect;0
+{%_Minigame_Rewards,_and_+}%_Dmg_per_25_Pts_of_your_Minigame_Highscore;1;0;add;5.7;50;decay;+{%_Rewards_&_+}%_Dmg;0
Increases_Exp_Gain_for_all_Specialized_Skills_by_{%;1;0;add;_;_;txt;+{%_Exp_Gain;0
Your_next_basic_attack_deals_{%_dmg_3_times,_and_freezes_all_nearby_mobs;70;1;bigBase;_;_;txt;+{%_Damage;1
Summon_{x2_volcanos_which_erupt_around_you,_dealing_}%_dmg;1;40;intervalAdd;120;1;bigBase;+{_Volcano_&_+}%_Dmg;1
Summon_a_tornado,_which_deals_{%_dmg_and_disappears_after_}_seconds;20;0.30;bigBase;4;20;intervalAdd;+{%_Dmg_&_+}_sec;1
Getting_4@kills_in_4@sec_activates_'Speedy_Book'_boosting_attack_rate_by_{%_for_}_sec;10;0.2;bigBase;3;15;intervalAdd;+{%_rate_&_}_sec;0
{%_of_taken_dmg_is_dealt_to_MP._Also_passively_boosts_MP_regen_by_+}%;25;0.35;bigBase;15;0.35;bigBase;+{%_dmg_&_}%_MP_regen;1
+{%_Damage_for_every_10_Stamps_in_your_collection._Oink_Oink!;60;100;decay;_;_;txt;+{%_damage;0
_;_;_;txt;_;_;txt;_;0
'Exp',_'Lumberbob',_and_'Beholder'_statues_give_+{%_more_bonus;100;50;decay;_;_;txt;+{%_higher_bonuses;0
_;_;_;txt;_;_;txt;_;0
Each_Lv_of_'Mage_is_Best'_Bubble_raises_max_Lv_of_'Overclocked_Energy',_up_to_+{;1;0;add;_;_;txt;+{_Max_LV_cap;0
Steal_charge_from_all_your_players,_giving_you_{%_of_it._+}%_Max_Charge_for_1_Min;35;.3;bigBase;100;10;bigBase;+{%_Steal,_+}%_Temp_Max;1
+{%_Worship_Efficiency_per_power_of_10_Forest_Souls_in_your_Storage_Chest;25;70;decay;_;_;txt;+{%_Worship_Eff.;0
+{%_Worship_EXP_gain._Access_the_other_totems_faster!;1;0;add;_;_;txt;+{%_Worship_EXP;0
{x_Charge_rate._You_know,_for_Worship..._No,_not_for_your_phone.;1;100;decayMulti;_;_;txt;+{x_Charge_Rate;0
_;_;_;txt;_;_;txt;_;0
Throws_1_of_4_potions,_with_a_potency_of_{%;17;3;bigBase;_;_;txt;+{%_Potency;1
Casts_}_aura_which_heals_you_and_damages_monsters._The_strength_of_the_aura_is_{%;10;3;bigBase;1;35;intervalAdd;+{%_Strength_&_+}_Auras;1
Fire_a_skull_which_bounces_around_dealing_{%_dmg_to_up_to_}_monsters;125;1;bigBase;3;20;intervalAdd;+{%_dmg_&_+}_more_mobs;1
Killing_a_monster_has_a_{%_chance_to_reduce_attack_cooldowns_by_}_seconds;100;100;decay;2;200;intervalAdd;+{%_chance;0
When_damaged,_you_will_stay_invincible_for_an_additional_+{_more_seconds;5;100;decay;_;_;txt;+{_More_Seconds;0
+{%_damage_dealt_for_every_alchemy_vial_upgraded_to_at_least_Green_LV;15;100;decay;_;_;txt;+{%_Damage;0
Obols_give_+{%_more_WIS_than_what_is_listed;135;80;decay;_;_;txt;+{%_more_WIS;0
'Exp',_'Lumberbob',_and_'Cauldron'_statues_give_+{%_more_bonus;100;50;decay;_;_;txt;+{%_higher_bonuses;0
+{_Max_Talent_Level_for_'Book_of_the_Wise';1;0;add;_;_;txt;+{_Max_Lv;0
Each_Lv_of_'Mage_is_Best'_Bubble_raises_max_Lv_of_'Farsight',_up_to_+{;1;0;add;_;_;txt;+{_Max_LV_cap;0
Killing_a_monster_gives_{_seconds_of_instant_alchemy_progress._Lasts_for_}_seconds;40;100;decay;10;2;intervalAdd;+{_progress_&_+}_time;1
Boosts_brew_speed_by_+{%_for_this_character.;1;0;add;_;_;txt;+{%_brew_effect;0
+{%_Alchemy_EXP._Also,_+}%_odds_of_New_Bubble_when_brewing_on_this_player;1;0;add;1;.02;add;+{%_EXP_&_+}%_chance;0
All_characters_in_the_same_cauldron_as_this_one_gain_+{%_more_Alch_EXP.;1;0;add;_;_;txt;+{%_Alch_Exp;0
+{_Talent_Points_for_the_'Mage'_talent_tab._What,_these_talent's_aint_good_'nuff_for_ya?;1;0;add;_;_;txt;+1_Talent_Pt;0
_;_;_;txt;_;_;txt;_;0
_;_;_;txt;_;_;txt;_;0
_;_;_;txt;_;_;txt;_;0
_;_;_;txt;_;_;txt;_;0
_;_;_;txt;_;_;txt;_;0
_;_;_;txt;_;_;txt;_;0
_;_;_;txt;_;_;txt;_;0
_;_;_;txt;_;_;txt;_;0
_;_;_;txt;_;_;txt;_;0
_;_;_;txt;_;_;txt;_;0
_;_;_;txt;_;_;txt;_;0
_;_;_;txt;_;_;txt;_;0
_;_;_;txt;_;_;txt;_;0
_;_;_;txt;_;_;txt;_;0
_;_;_;txt;_;_;txt;_;0
_;_;_;txt;_;_;txt;_;0
_;_;_;txt;_;_;txt;_;0
_;_;_;txt;_;_;txt;_;0
_;_;_;txt;_;_;txt;_;0
_;_;_;txt;_;_;txt;_;0
_;_;_;txt;_;_;txt;_;0
_;_;_;txt;_;_;txt;_;0
_;_;_;txt;_;_;txt;_;0
_;_;_;txt;_;_;txt;_;0
_;_;_;txt;_;_;txt;_;0
_;_;_;txt;_;_;txt;_;0
_;_;_;txt;_;_;txt;_;0
_;_;_;txt;_;_;txt;_;0
_;_;_;txt;_;_;txt;_;0
_;_;_;txt;_;_;txt;_;0
_;_;_;txt;_;_;txt;_;0
_;_;_;txt;_;_;txt;_;0
_;_;_;txt;_;_;txt;_;0
_;_;_;txt;_;_;txt;_;0
_;_;_;txt;_;_;txt;_;0
_;_;_;txt;_;_;txt;_;0
_;_;_;txt;_;_;txt;_;0
_;_;_;txt;_;_;txt;_;0
_;_;_;txt;_;_;txt;_;0
_;_;_;txt;_;_;txt;_;0
_;_;_;txt;_;_;txt;_;0
_;_;_;txt;_;_;txt;_;0
_;_;_;txt;_;_;txt;_;0
_;_;_;txt;_;_;txt;_;0
_;_;_;txt;_;_;txt;_;0
_;_;_;txt;_;_;txt;_;0
_;_;_;txt;_;_;txt;_;0
_;_;_;txt;_;_;txt;_;0
_;_;_;txt;_;_;txt;_;0
_;_;_;txt;_;_;txt;_;0
_;_;_;txt;_;_;txt;_;0
_;_;_;txt;_;_;txt;_;0
_;_;_;txt;_;_;txt;_;0
_;_;_;txt;_;_;txt;_;0
_;_;_;txt;_;_;txt;_;0
_;_;_;txt;_;_;txt;_;0
_;_;_;txt;_;_;txt;_;0
_;_;_;txt;_;_;txt;_;0
_;_;_;txt;_;_;txt;_;0
_;_;_;txt;_;_;txt;_;0
_;_;_;txt;_;_;txt;_;0
_;_;_;txt;_;_;txt;_;0
_;_;_;txt;_;_;txt;_;0
_;_;_;txt;_;_;txt;_;0
_;_;_;txt;_;_;txt;_;0
_;_;_;txt;_;_;txt;_;0
_;_;_;txt;_;_;txt;_;0
_;_;_;txt;_;_;txt;_;0
_;_;_;txt;_;_;txt;_;0
_;_;_;txt;_;_;txt;_;0
_;_;_;txt;_;_;txt;_;0
_;_;_;txt;_;_;txt;_;0
_;_;_;txt;_;_;txt;_;0
_;_;_;txt;_;_;txt;_;0
_;_;_;txt;_;_;txt;_;0
_;_;_;txt;_;_;txt;_;0
_;_;_;txt;_;_;txt;_;0
_;_;_;txt;_;_;txt;_;0
_;_;_;txt;_;_;txt;_;0
_;_;_;txt;_;_;txt;_;0
_;_;_;txt;_;_;txt;_;0
_;_;_;txt;_;_;txt;_;0
_;_;_;txt;_;_;txt;_;0
_;_;_;txt;_;_;txt;_;0
_;_;_;txt;_;_;txt;_;0
_;_;_;txt;_;_;txt;_;0
_;_;_;txt;_;_;txt;_;0
_;_;_;txt;_;_;txt;_;0
_;_;_;txt;_;_;txt;_;0
_;_;_;txt;_;_;txt;_;0
_;_;_;txt;_;_;txt;_;0
_;_;_;txt;_;_;txt;_;0
_;_;_;txt;_;_;txt;_;0
_;_;_;txt;_;_;txt;_;0
_;_;_;txt;_;_;txt;_;0
_;_;_;txt;_;_;txt;_;0
_;_;_;txt;_;_;txt;_;0
_;_;_;txt;_;_;txt;_;0
_;_;_;txt;_;_;txt;_;0
_;_;_;txt;_;_;txt;_;0
_;_;_;txt;_;_;txt;_;0
_;_;_;txt;_;_;txt;_;0
_;_;_;txt;_;_;txt;_;0
_;_;_;txt;_;_;txt;_;0
_;_;_;txt;_;_;txt;_;0
_;_;_;txt;_;_;txt;_;0
_;_;_;txt;_;_;txt;_;0
_;_;_;txt;_;_;txt;_;0
_;_;_;txt;_;_;txt;_;0
_;_;_;txt;_;_;txt;_;0
_;_;_;txt;_;_;txt;_;0
_;_;_;txt;_;_;txt;_;0
_;_;_;txt;_;_;txt;_;0
_;_;_;txt;_;_;txt;_;0
_;_;_;txt;_;_;txt;_;0
_;_;_;txt;_;_;txt;_;0
_;_;_;txt;_;_;txt;_;0
_;_;_;txt;_;_;txt;_;0
_;_;_;txt;_;_;txt;_;0
_;_;_;txt;_;_;txt;_;0
Reduces_the_Respawn_Timer_to_{_sec._This_will_boost_AFK_Survival_Percent!;600;2;reduce;_;_;txt;{_sec_Respawn;0
+1_Base_Weapon_Power_every_10_Lvs_of_your_best_Beginner._Caps_at_+{.;1;0;add;_;_;txt;+{_Weapon_Pow_Cap;0
Quests_give_+{%_more_exp_than_normal;120;40;decay;_;_;txt;+{%_Quest_Exp;0
Each_Completed_Quest_gives_+1_LUK._Total_bonus_caps_at_+{_LUK;4;0;add;_;_;txt;+{_LUK_Cap;0
Crystal_Monsters_have_a_+{%_chance_to_spawn;174;50;decay;_;_;txt;+{%_Spawn_Rate;0
+1_All_Stats_for_every_10_Levels_of_your_highest_leveled_character._Caps_at_+{.;1;0;add;_;_;txt;+{_All_Stat_Cap;0
+{%_Away_Gains_Rate_for_both_Fighting_and_Skills;8;50;decay;_;_;txt;+{%_Away_Gain_Rate;0
Gives_{_Special_Talent_Points.;130;50;decay;_;_;txt;Even_Stonkier!;0
Rolls_a_{_sided_dice._If_it_lands_on_a_1,_you_win_a_special_Trophy!;10000;25;reduce;_;_;txt;Dice_only_has_{_sides;1
Attack_moves_boost_your_AFK_gains_+{%_more_than_they_normally_do;40;100;decay;_;_;txt;+{%_attack_AFK_effect;0
Stamps_giving_Skill_Efficiency_will_give_{x_higher_bonuses.;.7;100;decayMulti;_;_;txt;+{x_higher_bonus;0
{%_of_EXP_earned_in_chosen_Skill_is_turned_to_Class_EXP._Assign_to_Attack_to_choose.;150;200;decay;_;_;txt;+{%_Exp_Converted;1
Killing_a_monster_heals_you_by_{%._This_also_counts_for_AFK,_helping_Survivability!;6;66;decay;_;_;txt;+{%_HP_regen_per_kill;0
+{%_additional_card_drop_chance._It's_multiplicative,_so_it_always_helps!;60;60;decay;_;_;txt;+{%_card_drop_chance;0
The_rate_at_which_you_gain_mana_used_to_cast_Attacks_is_boosted_by_+{%;75;60;decay;_;_;txt;+{%_Mana_Regen_rate;0
EXP_Converter_Talent_gives_{x_more_Class_EXP_every_5_LV_of_chosen_skill;1.7;100;decayMulti;_;_;txt;+{x_more_Class_Exp;0
Boost_foods,_like_potions,_give_+{%_higher_bonuses_than_normal.;50;50;decay;_;_;txt;+{%_Boost_Food_Effect;0
+{%_Class_EXP;10;50;decay;_;_;txt;+{%_Class_Exp;0
_;_;_;txt;_;_;txt;_;0
_;_;_;txt;_;_;txt;_;0
Cast_to_sample_{%_of_your_current_AFK_gains,_which_is_used_by_the_3d_Printer.;10;.075;bigBase;_;_;txt;+{%_AFK_gains_sampled;1
_;_;_;txt;_;_;txt;_;0
_;_;_;txt;_;_;txt;_;0
_;_;_;txt;_;_;txt;_;0
Cast_this_talent_to_place_shrines._You_also_charge_them_+{%_faster;50;50;decay;_;_;txt;+{%_Charge_Rate;1
_;_;_;txt;_;_;txt;_;0
_;_;_;txt;_;_;txt;_;0
_;_;_;txt;_;_;txt;_;0
_;_;_;txt;_;_;txt;_;0
_;_;_;txt;_;_;txt;_;0
_;_;_;txt;_;_;txt;_;0
_;_;_;txt;_;_;txt;_;0
_;_;_;txt;_;_;txt;_;0
_;_;_;txt;_;_;txt;_;0
_;_;_;txt;_;_;txt;_;0
_;_;_;txt;_;_;txt;_;0
_;_;_;txt;_;_;txt;_;0
_;_;_;txt;_;_;txt;_;0
_;_;_;txt;_;_;txt;_;0
_;_;_;txt;_;_;txt;_;0
_;_;_;txt;_;_;txt;_;0
_;_;_;txt;_;_;txt;_;0
_;_;_;txt;_;_;txt;_;0
_;_;_;txt;_;_;txt;_;0
_;_;_;txt;_;_;txt;_;0
_;_;_;txt;_;_;txt;_;0
_;_;_;txt;_;_;txt;_;0
_;_;_;txt;_;_;txt;_;0
_;_;_;txt;_;_;txt;_;0
_;_;_;txt;_;_;txt;_;0
_;_;_;txt;_;_;txt;_;0
_;_;_;txt;_;_;txt;_;0
_;_;_;txt;_;_;txt;_;0
_;_;_;txt;_;_;txt;_;0
_;_;_;txt;_;_;txt;_;0
_;_;_;txt;_;_;txt;_;0
_;_;_;txt;_;_;txt;_;0
_;_;_;txt;_;_;txt;_;0
_;_;_;txt;_;_;txt;_;0
_;_;_;txt;_;_;txt;_;0
_;_;_;txt;_;_;txt;_;0
_;_;_;txt;_;_;txt;_;0
_;_;_;txt;_;_;txt;_;0
_;_;_;txt;_;_;txt;_;0
_;_;_;txt;_;_;txt;_;0
